{
	"credit": "Made with Blockbench",
	"parent": "totem_of_undying",
	"texture_size": [32, 32],
	"textures": {
		"0": "item/totem_of_undying",
		"particle": "item/totem_of_undying"
	},
	"elements": [
		{
			"from": [2, 0, 1],
			"to": [14, 1, 2],
			"faces": {
				"north": {"uv": [0.5, 7, 6.5, 7.5], "texture": "#0"},
				"east": {"uv": [0, 7, 0.5, 7.5], "texture": "#0"},
				"south": {"uv": [7, 7, 13, 7.5], "texture": "#0"},
				"west": {"uv": [6.5, 7, 7, 7.5], "texture": "#0"},
				"up": {"uv": [6.5, 7, 0.5, 6.5], "texture": "#0"},
				"down": {"uv": [12.5, 6.5, 6.5, 7], "texture": "#0"}
			}
		},
		{
			"from": [1, 0, 2],
			"to": [15, 1, 3],
			"faces": {
				"north": {"uv": [0.5, 5, 7.5, 5.5], "texture": "#0"},
				"east": {"uv": [0, 5, 0.5, 5.5], "texture": "#0"},
				"south": {"uv": [8, 5, 15, 5.5], "texture": "#0"},
				"west": {"uv": [7.5, 5, 8, 5.5], "texture": "#0"},
				"up": {"uv": [7.5, 5, 0.5, 4.5], "texture": "#0"},
				"down": {"uv": [14.5, 4.5, 7.5, 5], "texture": "#0"}
			}
		},
		{
			"from": [6, 0, 15],
			"to": [10, 1, 16],
			"faces": {
				"north": {"uv": [7.5, 9.5, 9.5, 10], "texture": "#0"},
				"east": {"uv": [7, 9.5, 7.5, 10], "texture": "#0"},
				"south": {"uv": [10, 9.5, 12, 10], "texture": "#0"},
				"west": {"uv": [9.5, 9.5, 10, 10], "texture": "#0"},
				"up": {"uv": [9.5, 9.5, 7.5, 9], "texture": "#0"},
				"down": {"uv": [11.5, 9, 9.5, 9.5], "texture": "#0"}
			}
		},
		{
			"from": [5, 0, 13],
			"to": [11, 1, 15],
			"faces": {
				"north": {"uv": [1, 10, 4, 10.5], "texture": "#0"},
				"east": {"uv": [0, 10, 1, 10.5], "texture": "#0"},
				"south": {"uv": [5, 10, 8, 10.5], "texture": "#0"},
				"west": {"uv": [4, 10, 5, 10.5], "texture": "#0"},
				"up": {"uv": [4, 10, 1, 9], "texture": "#0"},
				"down": {"uv": [7, 9, 4, 10], "texture": "#0"}
			}
		},
		{
			"from": [4, 0, 11],
			"to": [12, 1, 13],
			"faces": {
				"north": {"uv": [1, 8.5, 5, 9], "texture": "#0"},
				"east": {"uv": [0, 8.5, 1, 9], "texture": "#0"},
				"south": {"uv": [6, 8.5, 10, 9], "texture": "#0"},
				"west": {"uv": [5, 8.5, 6, 9], "texture": "#0"},
				"up": {"uv": [5, 8.5, 1, 7.5], "texture": "#0"},
				"down": {"uv": [9, 7.5, 5, 8.5], "texture": "#0"}
			}
		},
		{
			"from": [2, 0, 10],
			"to": [14, 1, 11],
			"faces": {
				"north": {"uv": [0.5, 6, 6.5, 6.5], "texture": "#0"},
				"east": {"uv": [0, 6, 0.5, 6.5], "texture": "#0"},
				"south": {"uv": [7, 6, 13, 6.5], "texture": "#0"},
				"west": {"uv": [6.5, 6, 7, 6.5], "texture": "#0"},
				"up": {"uv": [6.5, 6, 0.5, 5.5], "texture": "#0"},
				"down": {"uv": [12.5, 5.5, 6.5, 6], "texture": "#0"}
			}
		},
		{
			"from": [13, 0, 4],
			"to": [14, 1, 5],
			"faces": {
				"north": {"uv": [8, 10.5, 8.5, 11], "texture": "#0"},
				"east": {"uv": [7.5, 10.5, 8, 11], "texture": "#0"},
				"south": {"uv": [9, 10.5, 9.5, 11], "texture": "#0"},
				"west": {"uv": [8.5, 10.5, 9, 11], "texture": "#0"},
				"up": {"uv": [8.5, 10.5, 8, 10], "texture": "#0"},
				"down": {"uv": [9, 10, 8.5, 10.5], "texture": "#0"}
			}
		},
		{
			"from": [1, 0, 8],
			"to": [15, 1, 10],
			"faces": {
				"north": {"uv": [1, 1, 8, 1.5], "texture": "#0"},
				"east": {"uv": [0, 1, 1, 1.5], "texture": "#0"},
				"south": {"uv": [9, 1, 16, 1.5], "texture": "#0"},
				"west": {"uv": [8, 1, 9, 1.5], "texture": "#0"},
				"up": {"uv": [8, 1, 1, 0], "texture": "#0"},
				"down": {"uv": [15, 0, 8, 1], "texture": "#0"}
			}
		},
		{
			"from": [14, 0, 3],
			"to": [15, 1, 4],
			"faces": {
				"north": {"uv": [9.5, 8, 10, 8.5], "texture": "#0"},
				"east": {"uv": [9, 8, 9.5, 8.5], "texture": "#0"},
				"south": {"uv": [10.5, 8, 11, 8.5], "texture": "#0"},
				"west": {"uv": [10, 8, 10.5, 8.5], "texture": "#0"},
				"up": {"uv": [10, 8, 9.5, 7.5], "texture": "#0"},
				"down": {"uv": [10.5, 7.5, 10, 8], "texture": "#0"}
			}
		},
		{
			"from": [4, 0, 3],
			"to": [12, 1, 8],
			"faces": {
				"north": {"uv": [2.5, 4, 6.5, 4.5], "texture": "#0"},
				"east": {"uv": [0, 4, 2.5, 4.5], "texture": "#0"},
				"south": {"uv": [9, 4, 13, 4.5], "texture": "#0"},
				"west": {"uv": [6.5, 4, 9, 4.5], "texture": "#0"},
				"up": {"uv": [6.5, 4, 2.5, 1.5], "texture": "#0"},
				"down": {"uv": [10.5, 1.5, 6.5, 4], "texture": "#0"}
			}
		},
		{
			"from": [2, 0, 4],
			"to": [3, 1, 5],
			"faces": {
				"north": {"uv": [0.5, 3, 1, 3.5], "texture": "#0"},
				"east": {"uv": [0, 3, 0.5, 3.5], "texture": "#0"},
				"south": {"uv": [1.5, 3, 2, 3.5], "texture": "#0"},
				"west": {"uv": [1, 3, 1.5, 3.5], "texture": "#0"},
				"up": {"uv": [1, 3, 0.5, 2.5], "texture": "#0"},
				"down": {"uv": [1.5, 2.5, 1, 3], "texture": "#0"}
			}
		},
		{
			"from": [1, 0, 3],
			"to": [2, 1, 4],
			"faces": {
				"north": {"uv": [0.5, 2, 1, 2.5], "texture": "#0"},
				"east": {"uv": [0, 2, 0.5, 2.5], "texture": "#0"},
				"south": {"uv": [1.5, 2, 2, 2.5], "texture": "#0"},
				"west": {"uv": [1, 2, 1.5, 2.5], "texture": "#0"},
				"up": {"uv": [1, 2, 0.5, 1.5], "texture": "#0"},
				"down": {"uv": [1.5, 1.5, 1, 2], "texture": "#0"}
			}
		}
	],
	"display": {
		"thirdperson_righthand": {
			"rotation": [100, 0, -180],
			"translation": [0, 3.75, -2.5],
			"scale": [0.5, 0.5, 0.5]
		},
		"thirdperson_lefthand": {
			"rotation": [100, 0, -180],
			"translation": [0, 3.75, -2.5],
			"scale": [0.5, 0.5, 0.5]
		},
		"firstperson_righthand": {
			"rotation": [90, 10, 50],
			"translation": [0.25, 1, 0],
			"scale": [0.3, 0.3, 0.3]
		},
		"firstperson_lefthand": {
			"rotation": [90, 10, 50],
			"translation": [0.25, 1, 0],
			"scale": [0.3, 0.3, 0.3]
		},
		"ground": {
			"rotation": [90, 0, 0],
			"translation": [0, 2, 0],
			"scale": [0.3, 0.3, 0.3]
		},
		"gui": {
			"rotation": [90, 0, 0]
		},
		"fixed": {
			"rotation": [90, 0, -180],
			"translation": [0, 0, -8],
			"scale": [ 0.3, 0.3, 0.3 ]
		}
	}
}